person_id,first_name,last_name,display_last_comma_first
202067,Diamon,Simpson,"Simpson, Diamon"
203085,Austin,Rivers,"Rivers, Austin"
201936,Tyreke,Evans,"Evans, Tyreke"
2554,Mickael,Pietrus,"Pietrus, Mickael"
101155,Ryan,Gomes,"Gomes, Ryan"
203968,Jerrelle,Benimon,"Benimon, Jerrelle"
2556,Marcus,Banks,"Banks, Marcus"
202880,Jeff,Foote,"Foote, Jeff"
202699,Tobias,Harris,"Harris, Tobias"
2753,Delonte,West,"West, Delonte"
200764,Renaldo,Balkman,"Balkman, Renaldo"
2743,Kris,Humphries,"Humphries, Kris"
2223,Samuel,Dalembert,"Dalembert, Samuel"
203958,Andre,Dawkins,"Dawkins, Andre"
202962,Greg,Smith,"Smith, Greg"
202336,Larry,Sanders,"Sanders, Larry"
201148,Brandan,Wright,"Wright, Brandan"
203926,Doug,McDermott,"McDermott, Doug"
2137,Ime,Udoka,"Udoka, Ime"
2735,Josh,Childress,"Childress, Josh"
101211,Stephen,Graham,"Graham, Stephen"
203493,Reggie,Bullock,"Bullock, Reggie"
101109,Raymond,Felton,"Felton, Raymond"
203458,Alex,Len,"Len, Alex"
204025,Tim,Frazier,"Frazier, Tim"
203136,Ognjen,Kuzmic,"Kuzmic, Ognjen"
203906,Devyn,Marble,"Marble, Devyn"
1884,Baron,Davis,"Davis, Baron"
203095,Evan,Fournier,"Fournier, Evan"
101158,Orien,Greene,"Greene, Orien"
203937,Kyle,Anderson,"Anderson, Kyle"
2744,Al,Jefferson,"Jefferson, Al"
101204,Dwayne,Jones,"Jones, Dwayne"
201970,Sam,Young,"Young, Sam"
203996,Damien,Inglis,"Inglis, Damien"
2572,Josh,Howard,"Howard, Josh"
201974,Derrick,Brown,"Brown, Derrick"
201600,Omer,Asik,"Asik, Omer"
201336,Blake,Ahearn,"Ahearn, Blake"
201589,Darrell,Arthur,"Arthur, Darrell"
202341,James,Anderson,"Anderson, James"
2240,Gilbert,Arenas,"Arenas, Gilbert"
203203,Chris,Wright,"Wright, Chris"
2501,Reggie,Evans,"Evans, Reggie"
201978,Chase,Budinger,"Budinger, Chase"
201146,Jianlian,Yi,"Yi Jianlian"
2568,Carlos,Delfino,"Delfino, Carlos"
201147,Corey,Brewer,"Brewer, Corey"
202392,Marqus,Blakely,"Blakely, Marqus"
202705,MarShon,Brooks,"Brooks, MarShon"
2760,Anderson,Varejao,"Varejao, Anderson"
201574,Jason,Thompson,"Thompson, Jason"
202684,Tristan,Thompson,"Thompson, Tristan"
203512,Lucas,Nogueira,"Nogueira, Lucas"
203805,Will,Cherry,"Cherry, Will"
703,Kurt,Thomas,"Thomas, Kurt"
203141,Mirza,Teletovic,"Teletovic, Mirza"
101124,Hakim,Warrick,"Warrick, Hakim"
201566,Russell,Westbrook,"Westbrook, Russell"
204079,Drew,Gordon,"Gordon, Drew"
2205,DeSagana,Diop,"Diop, DeSagana"
201958,Rodrigue,Beaubois,"Beaubois, Rodrigue"
2561,David,West,"West, David"
202323,Evan,Turner,"Turner, Evan"
2733,Shaun,Livingston,"Livingston, Shaun"
203098,John,Jenkins,"Jenkins, John"
203142,Chris,Copeland,"Copeland, Chris"
201814,Gary,Forbes,"Forbes, Gary"
2403,Nene,Hilario,Nene
202700,Donatas,Motiejunas,"Motiejunas, Donatas"
203960,JaKarr,Sampson,"Sampson, JaKarr"
201286,Eric,Dawson,"Dawson, Eric"
202719,Jeremy,Tyler,"Tyler, Jeremy"
2754,Tony,Allen,"Allen, Tony"
2734,Devin,Harris,"Harris, Devin"
1891,Jason,Terry,"Terry, Jason"
200751,Randy,Foye,"Foye, Randy"
203148,Brian,Roberts,"Roberts, Brian"
202360,Andy,Rautins,"Rautins, Andy"
201581,JJ,Hickson,"Hickson, JJ"
201988,Patty,Mills,"Mills, Patty"
202498,Lance,Thomas,"Thomas, Lance"
202536,Jerry,Smith,"Smith, Jerry"
203082,Terrence,Ross,"Ross, Terrence"
2570,Kendrick,Perkins,"Perkins, Kendrick"
203468,CJ,McCollum,"McCollum, CJ"
202338,Kevin,Seraphin,"Seraphin, Kevin"
202704,Reggie,Jackson,"Jackson, Reggie"
2400,Drew,Gooden,"Gooden, Drew"
2052,DeShawn,Stevenson,"Stevenson, DeShawn"
202407,Elijah,Millsap,"Millsap, Elijah"
201985,A.J.,Price,"Price, A.J."
202689,Kemba,Walker,"Walker, Kemba"
1752,Sean,Marks,"Marks, Sean"
200769,Shannon,Brown,"Brown, Shannon"
1888,Richard,Hamilton,"Hamilton, Richard"
2588,Matt,Bonner,"Bonner, Matt"
203491,Peyton,Siva,"Siva, Peyton"
202809,Cory,Higgins,"Higgins, Cory"
101122,Danny,Granger,"Granger, Danny"
2544,LeBron,James,"James, LeBron"
200761,Shawne,Williams,"Williams, Shawne"
200750,Brandon,Roy,"Roy, Brandon"
201591,DJ,White,"White, DJ"
201954,Darren,Collison,"Collison, Darren"
201145,Jeff,Green,"Green, Jeff"
201143,Al,Horford,"Horford, Al"
203495,Ricky,Ledo,"Ledo, Ricky"
2430,Carlos,Boozer,"Boozer, Carlos"
203961,Eric,Moreland,"Moreland, Eric"
203932,Aaron,Gordon,"Gordon, Aaron"
2210,Richard,Jefferson,"Jefferson, Richard"
1890,Shawn,Marion,"Marion, Shawn"
202340,Avery,Bradley,"Bradley, Avery"
203116,Tyshawn,Taylor,"Taylor, Tyshawn"
202412,Manny,Harris,"Harris, Manny"
202622,Courtney,Fortson,"Fortson, Courtney"
201966,Jermaine,Taylor,"Taylor, Jermaine"
201580,JaVale,McGee,"McGee, JaVale"
1952,Raja,Bell,"Bell, Raja"
200770,Jordan,Farmar,"Farmar, Jordan"
202694,Marcus,Morris,"Morris, Marcus"
2030,Kenyon,Martin,"Martin, Kenyon"
101142,Ronny,Turiaf,"Turiaf, Ronny"
201977,Marcus,Thornton,"Thornton, Marcus"
201274,Ivan,Johnson,"Johnson, Ivan"
201165,Morris,Almond,"Almond, Morris"
2243,Brian,Scalabrine,"Scalabrine, Brian"
2571,Leandro,Barbosa,"Barbosa, Leandro"
203158,Kevin,Jones,"Jones, Kevin"
203486,Mason,Plumlee,"Plumlee, Mason"
203479,Jamaal,Franklin,"Franklin, Jamaal"
203516,James,Ennis,"Ennis, James"
203503,Tony,Snell,"Snell, Tony"
200749,Shelden,Williams,"Williams, Shelden"
203162,Ben,Hansbrough,"Hansbrough, Ben"
201979,Nick,Calathes,"Calathes, Nick"
201946,Tyler,Hansbrough,"Hansbrough, Tyler"
201168,Tiago,Splitter,"Splitter, Tiago"
203912,CJ,Wilcox,"Wilcox, CJ"
202083,Wesley,Matthews,"Matthews, Wesley"
203507,Giannis,Antetokounmpo,"Antetokounmpo, Giannis"
202091,Dionte,Christmas,"Christmas, Dionte"
203492,Ray,McCallum,"McCallum, Ray"
203939,Dwight,Powell,"Powell, Dwight"
203081,Damian,Lillard,"Lillard, Damian"
101235,Kelenna,Azubuike,"Azubuike, Kelenna"
101215,Will,Conroy,"Conroy, Will"
203991,Clint,Capela,"Capela, Clint"
2199,Tyson,Chandler,"Chandler, Tyson"
203086,Meyers,Leonard,"Leonard, Meyers"
202348,Jordan,Crawford,"Crawford, Jordan"
2200,Pau,Gasol,"Gasol, Pau"
200748,Tyrus,Thomas,"Thomas, Tyrus"
2555,Nick,Collison,"Collison, Nick"
2039,Keyon,Dooling,"Dooling, Keyon"
202378,Willie,Warren,"Warren, Willie"
201171,Carl,Landry,"Landry, Carl"
203893,Russ,Smith,"Smith, Russ"
202359,Darington,Hobson,"Hobson, Darington"
965,Derek,Fisher,"Fisher, Derek"
202332,Cole,Aldrich,"Aldrich, Cole"
202713,Kyle,Singler,"Singler, Kyle"
202327,Ekpe,Udoh,"Udoh, Ekpe"
203476,Gorgui,Dieng,"Dieng, Gorgui"
2617,Udonis,Haslem,"Haslem, Udonis"
2365,Chris,Andersen,"Andersen, Chris"
101112,Channing,Frye,"Frye, Channing"
200746,LaMarcus,Aldridge,"Aldridge, LaMarcus"
203091,Royce,White,"White, Royce"
2034,Mike,Miller,"Miller, Mike"
203094,Andrew,Nicholson,"Nicholson, Andrew"
203077,Michael,Kidd-Gilchrist,"Kidd-Gilchrist, Michael"
201178,Kyrylo,Fesenko,"Fesenko, Kyrylo"
101111,Charlie,Villanueva,"Villanueva, Charlie"
2562,Sasha,Pavlovic,"Pavlovic, Sasha"
200779,Steve,Novak,"Novak, Steve"
203998,Bruno,Caboclo,"Caboclo, Bruno"
2548,Dwyane,Wade,"Wade, Dwyane"
201588,George,Hill,"Hill, George"
201952,Jeff,Teague,"Teague, Jeff"
202371,Gani,Lawal,"Lawal, Gani"
2440,Matt,Barnes,"Barnes, Matt"
202334,Ed,Davis,"Davis, Ed"
201203,Mustafa,Shakur,"Shakur, Mustafa"
1938,Manu,Ginobili,"Ginobili, Manu"
2731,Emeka,Okafor,"Okafor, Emeka"
202707,JaJuan,Johnson,"Johnson, JaJuan"
201607,Patrick,"Ewing Jr.","Ewing Jr., Patrick"
203910,Nick,Johnson,"Johnson, Nick"
101127,Jarrett,Jack,"Jack, Jarrett"
203110,Draymond,Green,"Green, Draymond"
203922,Glenn,Robinson,"Robinson, Glenn"
201576,Anthony,Randolph,"Randolph, Anthony"
203901,Elfrid,Payton,"Payton, Elfrid"
2605,Marquis,Daniels,"Daniels, Marquis"
2746,Josh,Smith,"Smith, Josh"
101107,Marvin,Williams,"Williams, Marvin"
203948,Johnny,O'Bryant,"O'Bryant, Johnny"
202227,Terrel,Harris,"Harris, Terrel"
202344,Trevor,Booker,"Booker, Trevor"
2225,Tony,Parker,"Parker, Tony"
203139,Viacheslav,Kravtsov,"Kravtsov, Viacheslav"
202775,Edwin,Ubiles,"Ubiles, Edwin"
1497,Chauncey,Billups,"Billups, Chauncey"
201961,Wayne,Ellington,"Ellington, Wayne"
202702,Kenneth,Faried,"Faried, Kenneth"
202716,Jordan,Williams,"Williams, Jordan"
201575,Brandon,Rush,"Rush, Brandon"
200752,Rudy,Gay,"Gay, Rudy"
101150,Lou,Williams,"Williams, Lou"
201586,Serge,Ibaka,"Ibaka, Serge"
201568,Danilo,Gallinari,"Gallinari, Danilo"
201599,DeAndre,Jordan,"Jordan, DeAndre"
2427,Roger,"Mason Jr.","Mason Jr., Roger"
202349,Greivis,Vasquez,"Vasquez, Greivis"
204020,Tyler,Johnson,"Johnson, Tyler"
201616,Darnell,Jackson,"Jackson, Darnell"
202814,Mychel,Thompson,"Thompson, Mychel"
201935,James,Harden,"Harden, James"
1536,Stephen,Jackson,"Jackson, Stephen"
204022,Jack,Cooley,"Cooley, Jack"
202724,Charles,Jenkins,"Jenkins, Charles"
202397,Ish,Smith,"Smith, Ish"
201208,Darryl,Watkins,"Watkins, Darryl"
2679,Matt,Carroll,"Carroll, Matt"
202458,Justin,Dentmon,"Dentmon, Justin"
203119,Kim,English,"English, Kim"
2201,Eddy,Curry,"Curry, Eddy"
1802,Brad,Miller,"Miller, Brad"
203909,KJ,McDaniels,"McDaniels, KJ"
202688,Brandon,Knight,"Knight, Brandon"
1712,Antawn,Jamison,"Jamison, Antawn"
203511,Grant,Jerrett,"Jerrett, Grant"
203994,Jusuf,Nurkic,"Nurkic, Jusuf"
201564,O.J.,Mayo,"Mayo, O.J."
101153,Mickael,Gelabale,"Gelabale, Mickael"
200778,James,White,"White, James"
201960,DeMarre,Carroll,"Carroll, DeMarre"
202545,Luke,Zeller,"Zeller, Luke"
200811,Lou,Amundson,"Amundson, Lou"
200757,Thabo,Sefolosha,"Sefolosha, Thabo"
203121,Darius,Miller,"Miller, Darius"
203463,Ben,McLemore,"McLemore, Ben"
200081,Jamario,Moon,"Moon, Jamario"
101123,Gerald,Green,"Green, Gerald"
1498,Antonio,Daniels,"Daniels, Antonio"
201151,Acie,Law,"Law, Acie"
693,Joe,Smith,"Smith, Joe"
2306,Carlos,Arroyo,"Arroyo, Carlos"
203925,Joe,Harris,"Harris, Joe"
204038,Langston,Galloway,"Galloway, Langston"
200796,Leon,Powe,"Powe, Leon"
203953,Jabari,Parker,"Parker, Jabari"
201577,Robin,Lopez,"Lopez, Robin"
203488,Mike,Muscala,"Muscala, Mike"
203135,Robert,Sacre,"Sacre, Robert"
201611,Henry,Walker,"Walker, Henry"
202408,Marcus,Cousin,"Cousin, Marcus"
201196,Ramon,Sessions,"Sessions, Ramon"
202382,Derrick,Caracter,"Caracter, Derrick"
204028,Tarik,Black,"Black, Tarik"
203144,Alexey,Shved,"Shved, Alexey"
2047,Quentin,Richardson,"Richardson, Quentin"
203210,JaMychal,Green,"Green, JaMychal"
2585,Zaza,Pachulia,"Pachulia, Zaza"
2550,Kirk,Hinrich,"Hinrich, Kirk"
203146,Maalik,Wayns,"Wayns, Maalik"
101133,Ian,Mahinmi,"Mahinmi, Ian"
203569,Chris,Babb,"Babb, Chris"
201573,Jerryd,Bayless,"Bayless, Jerryd"
1922,Francisco,Elson,"Elson, Francisco"
202708,Norris,Cole,"Cole, Norris"
202810,D.J.,Kennedy,"Kennedy, D.J."
2740,Andris,Biedrins,"Biedrins, Andris"
202682,Derrick,Williams,"Williams, Derrick"
200783,Craig,Smith,"Smith, Craig"
202082,Larry,Owens,"Owens, Larry"
200758,Ronnie,Brewer,"Brewer, Ronnie"
201602,Kyle,Weaver,"Weaver, Kyle"
200839,Michael,Harris,"Harris, Michael"
689,Theo,Ratliff,"Ratliff, Theo"
203268,Jorge,Gutierrez,"Gutierrez, Jorge"
202326,DeMarcus,Cousins,"Cousins, DeMarcus"
200772,Maurice,Ager,"Ager, Maurice"
203079,Dion,Waiters,"Waiters, Dion"
2404,Chris,Wilcox,"Wilcox, Chris"
202329,Al-Farouq,Aminu,"Aminu, Al-Farouq"
203106,Jeff,Taylor,"Taylor, Jeff"
2863,Damien,Wilkins,"Wilkins, Damien"
202779,Dwight,Buycks,"Buycks, Dwight"
202730,Lavoy,Allen,"Allen, Lavoy"
1112,Ben,Wallace,"Wallace, Ben"
1499,Tony,Battie,"Battie, Tony"
201162,Jared,Dudley,"Dudley, Jared"
101114,Deron,Williams,"Williams, Deron"
101132,Linas,Kleiza,"Kleiza, Linas"
201596,Mario,Chalmers,"Chalmers, Mario"
203122,Kevin,Murphy,"Murphy, Kevin"
201943,Brandon,Jennings,"Jennings, Brandon"
203084,Harrison,Barnes,"Barnes, Harrison"
201934,Hasheem,Thabeet,"Thabeet, Hasheem"
2260,Jarron,Collins,"Collins, Jarron"
203935,Marcus,Smart,"Smart, Marcus"
2397,Ming,Yao,"Yao Ming"
203944,Julius,Randle,"Randle, Julius"
200780,Solomon,Jones,"Jones, Solomon"
2765,Andre,Emmett,"Emmett, Andre"
203126,Kris,Joseph,"Joseph, Kris"
2446,Rasual,Butler,"Butler, Rasual"
201141,Greg,Oden,"Oden, Greg"
203506,Victor,Oladipo,"Oladipo, Victor"
2457,Jannero,Pargo,"Pargo, Jannero"
203096,Jared,Sullinger,"Sullinger, Jared"
202687,Bismack,Biyombo,"Biyombo, Bismack"
203919,Jordan,Adams,"Adams, Jordan"
203513,Erik,Murphy,"Murphy, Erik"
201973,Jonas,Jerebko,"Jerebko, Jonas"
202862,Dennis,Horner,"Horner, Dennis"
203940,Adreian,Payne,"Payne, Adreian"
2566,Travis,Outlaw,"Outlaw, Travis"
979,Jermaine,O'Neal,"O'Neal, Jermaine"
203129,Tornike,Shengelia,"Shengelia, Tornike"
1733,Al,Harrington,"Harrington, Al"
2547,Chris,Bosh,"Bosh, Chris"
203097,Fab,Melo,"Melo, Fab"
201609,Goran,Dragic,"Dragic, Goran"
2767,Royal,Ivey,"Ivey, Royal"
203565,Patrick,Christopher,"Christopher, Patrick"
203477,Isaiah,Canaan,"Canaan, Isaiah"
203490,Otto,Porter,"Porter, Otto"
201785,Othyus,Jeffers,"Jeffers, Othyus"
203954,Joel,Embiid,"Embiid, Joel"
203111,Orlando,Johnson,"Johnson, Orlando"
203500,Steven,Adams,"Adams, Steven"
2581,Steve,Blake,"Blake, Steve"
201167,Arron,Afflalo,"Afflalo, Arron"
203485,Lorenzo,Brown,"Brown, Lorenzo"
202681,Kyrie,Irving,"Irving, Kyrie"
202343,Elliot,Williams,"Williams, Elliot"
202738,Isaiah,Thomas,"Thomas, Isaiah"
2592,James,Jones,"Jones, James"
203505,Vander,Blue,"Blue, Vander"
201944,Terrence,Williams,"Williams, Terrence"
202087,Alonzo,Gee,"Gee, Alonzo"
2073,Brian,Cardinal,"Cardinal, Brian"
977,Kobe,Bryant,"Bryant, Kobe"
101130,Johan,Petro,"Petro, Johan"
201571,D.J.,Augustin,"Augustin, D.J."
203914,Gary,Harris,"Harris, Gary"
203548,Elias,Harris,"Harris, Elias"
2449,Luis,Scola,"Scola, Luis"
203798,PJ,Hairston,"Hairston, PJ"
202354,Dexter,Pittman,"Pittman, Dexter"
2211,Troy,Murphy,"Murphy, Troy"
1902,Jeff,Foster,"Foster, Jeff"
202330,Gordon,Hayward,"Hayward, Gordon"
2694,Josh,Powell,"Powell, Josh"
203108,Bernard,James,"James, Bernard"
203159,Scott,Machado,"Machado, Scott"
2443,Darius,Songaila,"Songaila, Darius"
203145,Kent,Bazemore,"Bazemore, Kent"
201976,Patrick,Beverley,"Beverley, Patrick"
956,Erick,Dampier,"Dampier, Erick"
202322,John,Wall,"Wall, John"
202729,Josh,Selby,"Selby, Josh"
202130,Reggie,Williams,"Williams, Reggie"
101139,CJ,Miles,"Miles, CJ"
204054,Zoran,Dragic,"Dragic, Zoran"
202725,Josh,Harrellson,"Harrellson, Josh"
2429,Dan,Gadzuric,"Gadzuric, Dan"
202346,Dominique,Jones,"Jones, Dominique"
203499,Shane,Larkin,"Larkin, Shane"
203147,Chris,Smith,"Smith, Chris"
203517,Nemanja,Nedovic,"Nedovic, Nemanja"
202727,Travis,Leslie,"Leslie, Travis"
203102,Arnett,Moultrie,"Moultrie, Arnett"
200745,Andrea,Bargnani,"Bargnani, Andrea"
2546,Carmelo,Anthony,"Anthony, Carmelo"
201202,Joel,Anthony,"Anthony, Joel"
202406,Jerome,Dyson,"Dyson, Jerome"
2216,Zach,Randolph,"Randolph, Zach"
203918,Rodney,Hood,"Hood, Rodney"
203078,Bradley,Beal,"Beal, Bradley"
201153,Julian,Wright,"Wright, Julian"
202706,Jordan,Hamilton,"Hamilton, Jordan"
101144,Von,Wafer,"Wafer, Von"
202345,Damion,James,"James, Damion"
201189,Aaron,Gray,"Gray, Aaron"
202693,Markieff,Morris,"Morris, Markieff"
203100,Tony,Wroten,"Wroten, Tony"
202685,Jonas,Valanciunas,"Valanciunas, Jonas"
203460,Andre,Roberson,"Roberson, Andre"
101179,Ronnie,Price,"Price, Ronnie"
2408,Melvin,Ely,"Ely, Melvin"
203544,Pero,Antic,"Antic, Pero"
959,Steve,Nash,"Nash, Steve"
202355,Hassan,Whiteside,"Whiteside, Hassan"
201228,CJ,Watson,"Watson, CJ"
2755,Kevin,Martin,"Martin, Kevin"
201956,Omri,Casspi,"Casspi, Omri"
436,Juwan,Howard,"Howard, Juwan"
203104,Marquis,Teague,"Teague, Marquis"
201572,Brook,Lopez,"Lopez, Brook"
202362,Lance,Stephenson,"Stephenson, Lance"
200777,Joel,Freeland,"Freeland, Joel"
201578,Marreese,Speights,"Speights, Marreese"
406,Shaquille,O'Neal,"O'Neal, Shaquille"
203112,Quincy,Acy,"Acy, Quincy"
2648,Ronald,Dupree,"Dupree, Ronald"
101183,Shavlik,Randolph,"Randolph, Shavlik"
202709,Cory,Joseph,"Joseph, Cory"
201585,Kosta,Koufos,"Koufos, Kosta"
202335,Patrick,Patterson,"Patterson, Patrick"
202718,Chandler,Parsons,"Parsons, Chandler"
203900,Markel,Brown,"Brown, Markel"
203200,Justin,Holiday,"Holiday, Justin"
2038,Joel,Przybilla,"Przybilla, Joel"
2050,Morris,Peterson,"Peterson, Morris"
202337,Luke,Babbitt,"Babbitt, Luke"
203130,Darius,Johnson-Odom,"Johnson-Odom, Darius"
201584,Courtney,Lee,"Lee, Courtney"
202178,Sundiata,Gaines,"Gaines, Sundiata"
739,Rasheed,Wallace,"Wallace, Rasheed"
201967,Dante,Cunningham,"Cunningham, Dante"
201950,Jrue,Holiday,"Holiday, Jrue"
202692,Alec,Burks,"Burks, Alec"
203092,Tyler,Zeller,"Zeller, Tyler"
101162,Marcin,Gortat,"Gortat, Marcin"
2551,T.J.,Ford,"Ford, T.J."
201938,Jonny,Flynn,"Flynn, Jonny"
203469,Cody,Zeller,"Zeller, Cody"
202333,Xavier,Henry,"Henry, Xavier"
200826,"Jose Juan",Barea,"Barea, Jose Juan"
201964,Victor,Claver,"Claver, Victor"
101236,Charles,Hayes,"Hayes, Charles"
203099,Jared,Cunningham,"Cunningham, Jared"
201161,Daequan,Cook,"Cook, Daequan"
2749,Jameer,Nelson,"Nelson, Jameer"
202714,Shelvin,Mack,"Mack, Shelvin"
2045,Hedo,Turkoglu,"Turkoglu, Hedo"
2732,Ben,Gordon,"Gordon, Ben"
203943,Noah,Vonleh,"Vonleh, Noah"
201579,Roy,Hibbert,"Hibbert, Roy"
203124,Kyle,O'Quinn,"O'Quinn, Kyle"
202720,Jon,Leuer,"Leuer, Jon"
203955,Bryce,Cotton,"Cotton, Bryce"
203524,Solomon,Hill,"Hill, Solomon"
202077,Jerel,McNeal,"McNeal, Jerel"
2575,Luke,Walton,"Walton, Luke"
203530,Joffrey,Lauvergne,"Lauvergne, Joffrey"
202396,Samardo,Samuels,"Samuels, Samardo"
2222,Gerald,Wallace,"Wallace, Gerald"
202376,Luke,Harangody,"Harangody, Luke"
201969,DaJuan,Summers,"Summers, DaJuan"
202388,Donald,Sloan,"Sloan, Donald"
202691,Klay,Thompson,"Thompson, Klay"
1897,Metta,"World Peace","World Peace, Metta"
2198,Kwame,Brown,"Brown, Kwame"
2788,DJ,Mbenga,"Mbenga, DJ"
101177,Fabricio,Oberto,"Oberto, Fabricio"
2422,John,Salmons,"Salmons, John"
1905,Andrei,Kirilenko,"Kirilenko, Andrei"
203917,Nik,Stauskas,"Stauskas, Nik"
202339,Eric,Bledsoe,"Bledsoe, Eric"
203480,James,Southerland,"Southerland, James"
202918,Xavier,Silas,"Silas, Xavier"
203561,Brandon,Davies,"Davies, Brandon"
201187,Dominic,McGuire,"McGuire, Dominic"
202728,Keith,Benson,"Benson, Keith"
202686,Jan,Vesely,"Vesely, Jan"
203461,Anthony,Bennett,"Bennett, Anthony"
203484,Kentavious,Caldwell-Pope,"Caldwell-Pope, Kentavious"
951,Ray,Allen,"Allen, Ray"
200817,Pooh,Jeter,"Jeter, Pooh"
101128,Francisco,Garcia,"Garcia, Francisco"
2431,David,Andersen,"Andersen, David"
201291,Carldell,Johnson,"Johnson, Carldell"
2406,Caron,Butler,"Butler, Caron"
203508,Sergey,Karasev,"Karasev, Sergey"
201941,Jordan,Hill,"Hill, Jordan"
203933,TJ,Warren,"Warren, TJ"
204060,Joe,Ingles,"Ingles, Joe"
201965,Jeff,Ayres,"Ayres, Jeff"
202952,Malcolm,Thomas,"Thomas, Malcolm"
200822,Pops,Mensah-Bonsu,"Mensah-Bonsu, Pops"
2294,Charlie,Bell,"Bell, Charlie"
203117,Doron,Lamb,"Lamb, Doron"
200794,Paul,Millsap,"Millsap, Paul"
708,Kevin,Garnett,"Garnett, Kevin"
2586,Keith,Bogans,"Bogans, Keith"
203487,Michael,Carter-Williams,"Carter-Williams, Michael"
2059,Eduardo,Najera,"Najera, Eduardo"
201583,Ryan,Anderson,"Anderson, Ryan"
201149,Joakim,Noah,"Noah, Joakim"
201971,DeJuan,Blair,"Blair, DeJuan"
202703,Nikola,Mirotic,"Mirotic, Nikola"
203489,Nate,Wolters,"Wolters, Nate"
101113,Ike,Diogu,"Diogu, Ike"
2738,Andre,Iguodala,"Iguodala, Andre"
101214,Jawad,Williams,"Williams, Jawad"
203080,Thomas,Robinson,"Robinson, Thomas"
2419,Tayshaun,Prince,"Prince, Tayshaun"
2250,Bobby,Simmons,"Simmons, Bobby"
2124,Malik,Allen,"Allen, Malik"
203816,Scotty,Hopson,"Hopson, Scotty"
201154,Al,Thornton,"Thornton, Al"
201156,Nick,Young,"Young, Nick"
201880,Greg,Stiemsma,"Stiemsma, Greg"
203580,Larry,Drew,"Drew, Larry"
203923,James,Young,"Young, James"
2772,Trevor,Ariza,"Ariza, Trevor"
2567,Brian,Cook,"Cook, Brian"
203957,Dante,Exum,"Exum, Dante"
202386,Ben,Uzoh,"Uzoh, Ben"
202734,E'Twaun,Moore,"Moore, E'Twaun"
202395,Sherron,Collins,"Collins, Sherron"
1495,Tim,Duncan,"Duncan, Tim"
2224,Jamaal,Tinsley,"Tinsley, Jamaal"
202389,Timofey,Mozgov,"Mozgov, Timofey"
200797,Ryan,Hollins,"Hollins, Ryan"
203475,Erick,Green,"Green, Erick"
101181,Jose,Calderon,"Calderon, Jose"
2594,Kyle,Korver,"Korver, Kyle"
201962,Toney,Douglas,"Douglas, Toney"
203952,Andrew,Wiggins,"Wiggins, Andrew"
203898,Tyler,Ennis,"Ennis, Tyler"
1899,James,Posey,"Posey, James"
2563,Dahntay,Jones,"Jones, Dahntay"
203540,Gigi,Datome,"Datome, Gigi"
203498,Shabazz,Muhammad,"Muhammad, Shabazz"
203197,Diante,Garrett,"Garrett, Diante"
201569,Eric,Gordon,"Gordon, Eric"
101187,Alan,Anderson,"Anderson, Alan"
201182,Derrick,Byars,"Byars, Derrick"
202951,Jeremy,Pargo,"Pargo, Jeremy"
2420,Nenad,Krstic,"Krstic, Nenad"
201144,Mike,Conley,"Conley, Mike"
202710,Jimmy,Butler,"Butler, Jimmy"
201175,Glen,Davis,"Davis, Glen"
202698,Chris,Singleton,"Singleton, Chris"
101198,Will,Bynum,"Bynum, Will"
202377,Pape,Sy,"Sy, Pape"
201601,Luc,"Mbah a Moute","Mbah a Moute, Luc"
202066,Garrett,Temple,"Temple, Garrett"
202419,Chris,Johnson,"Johnson, Chris"
203199,DeQuan,Jones,"Jones, DeQuan"
2041,Etan,Thomas,"Thomas, Etan"
202696,Nikola,Vucevic,"Vucevic, Nikola"
1863,Earl,Boykins,"Boykins, Earl"
203497,Rudy,Gobert,"Gobert, Rudy"
1503,Tracy,McGrady,"McGrady, Tracy"
101126,Nate,Robinson,"Robinson, Nate"
203903,Jordan,Clarkson,"Clarkson, Jordan"
203113,Quincy,Miller,"Miller, Quincy"
202356,Armon,Johnson,"Johnson, Armon"
202711,Bojan,Bogdanovic,"Bogdanovic, Bojan"
203519,Adonis,Thomas,"Thomas, Adonis"
203115,Will,Barton,"Barton, Will"
203187,Chris,Johnson,"Johnson, Chris"
2804,Andres,Nocioni,"Nocioni, Andres"
101138,Brandon,Bass,"Bass, Brandon"
200760,Rodney,Carney,"Carney, Rodney"
201980,Danny,Green,"Green, Danny"
202726,Andrew,Goudelock,"Goudelock, Andrew"
202328,Greg,Monroe,"Monroe, Greg"
201188,Marc,Gasol,"Gasol, Marc"
202380,Hamady,Ndiaye,"Ndiaye, Hamady"
202220,Zabian,Dowdell,"Dowdell, Zabian"
203101,Miles,Plumlee,"Plumlee, Miles"
202350,Daniel,Orton,"Orton, Daniel"
1715,Jason,Williams,"Williams, Jason"
201229,Anthony,Tolliver,"Tolliver, Anthony"
201582,Alexis,Ajinca,"Ajinca, Alexis"
203103,Perry,Jones,"Jones, Perry"
101154,Andray,Blatche,"Blatche, Andray"
201627,Anthony,Morrow,"Morrow, Anthony"
202683,Enes,Kanter,"Kanter, Enes"
203120,Justin,Hamilton,"Hamilton, Justin"
201632,Hamed,Haddadi,"Haddadi, Hamed"
201603,Sonny,Weems,"Weems, Sonny"
202325,Wesley,Johnson,"Johnson, Wesley"
203089,John,Henson,"Henson, John"
202874,Chris,Wright,"Wright, Chris"
202324,Derrick,Favors,"Favors, Derrick"
201163,Wilson,Chandler,"Chandler, Wilson"
2768,Chris,Duhon,"Duhon, Chris"
101145,Monta,Ellis,"Ellis, Monta"
202361,Landry,Fields,"Fields, Landry"
203543,Vitor,Faverani,"Faverani, Vitor"
202933,Julyan,Stone,"Stone, Julyan"
201158,Marco,Belinelli,"Belinelli, Marco"
2207,Joe,Johnson,"Johnson, Joe"
202712,Justin,Harper,"Harper, Justin"
203128,Furkan,Aldemir,"Aldemir, Furkan"
1630,Mikki,Moore,"Moore, Mikki"
1885,Lamar,Odom,"Odom, Lamar"
203584,Troy,Daniels,"Daniels, Troy"
1716,Larry,Hughes,"Hughes, Larry"
1853,Anthony,Carter,"Carter, Anthony"
201972,Jon,Brockman,"Brockman, Jon"
201963,Christian,Eyenga,"Eyenga, Christian"
201155,Rodney,Stuckey,"Stuckey, Rodney"
202363,Jarvis,Varnado,"Varnado, Jarvis"
201949,James,Johnson,"Johnson, James"
2215,Jason,Collins,"Collins, Jason"
203088,Kendall,Marshall,"Marshall, Kendall"
202391,Jeremy,Lin,"Lin, Jeremy"
2203,Shane,Battier,"Battier, Shane"
200768,Kyle,Lowry,"Lowry, Kyle"
202717,Trey,Thompkins,"Thompkins, Trey"
203950,Jarnell,Stokes,"Stokes, Jarnell"
201953,Eric,Maynor,"Maynor, Eric"
201939,Stephen,Curry,"Curry, Stephen"
2668,Josh,Davis,"Davis, Josh"
101121,Joey,Graham,"Graham, Joey"
201959,Taj,Gibson,"Gibson, Taj"
203133,Robbie,Hummel,"Hummel, Robbie"
203315,Toure,Murry,"Murry, Toure"
201858,Cartier,Martin,"Martin, Cartier"
2564,Boris,Diaw,"Diaw, Boris"
202358,Terrico,White,"White, Terrico"
203083,Andre,Drummond,"Drummond, Andre"
1889,Andre,Miller,"Miller, Andre"
1718,Paul,Pierce,"Pierce, Paul"
203894,Shabazz,Napier,"Napier, Shabazz"
101135,David,Lee,"Lee, David"
2736,Luol,Deng,"Deng, Luol"
203254,JaMychal,Green,"Green, JaMychal"
203457,Nerlens,Noel,"Noel, Nerlens"
203539,Gal,Mekel,"Mekel, Gal"
203897,Zach,LaVine,"LaVine, Zach"
101161,Amir,Johnson,"Johnson, Amir"
203382,Aron,Baynes,"Baynes, Aron"
203810,Casper,Ware,"Ware, Casper"
201947,Earl,Clark,"Clark, Earl"
202715,Tyler,Honeycutt,"Honeycutt, Tyler"
203956,Mitch,McGary,"McGary, Mitch"
101141,Ersan,Ilyasova,"Ilyasova, Ersan"
203093,Terrence,Jones,"Jones, Terrence"
1740,Rashard,Lewis,"Lewis, Rashard"
204067,Jarell,Eddie,"Eddie, Jarell"
1717,Dirk,Nowitzki,"Nowitzki, Dirk"
203109,Jae,Crowder,"Crowder, Jae"
2545,Darko,Milicic,"Milicic, Darko"
202331,Paul,George,"George, Paul"
101106,Andrew,Bogut,"Bogut, Andrew"
101249,John,"Lucas III","Lucas III, John"
203118,Mike,Scott,"Scott, Mike"
201623,Semih,Erden,"Erden, Semih"
2757,Beno,Udrih,"Udrih, Beno"
201986,Nando,"De Colo","De Colo, Nando"
2747,J.R.,Smith,"Smith, J.R."
1710,Mike,Bibby,"Bibby, Mike"
201604,Chris,Douglas-Roberts,"Douglas-Roberts, Chris"
201595,Joey,Dorsey,"Dorsey, Joey"
203143,Pablo,Prigioni,"Prigioni, Pablo"
203504,Trey,Burke,"Burke, Trey"
255,Grant,Hill,"Hill, Grant"
201567,Kevin,Love,"Love, Kevin"
2756,Sasha,Vujacic,"Vujacic, Sasha"
203928,Cory,Jefferson,"Jefferson, Cory"
201948,Austin,Daye,"Daye, Austin"
203138,Hollis,Thompson,"Thompson, Hollis"
203006,Josh,Akognon,"Akognon, Josh"
202399,Jeff,Adrien,"Adrien, Jeff"
203186,Willie,Reed,"Reed, Willie"
202970,Gustavo,Ayon,"Ayon, Gustavo"
203481,Jeff,Withey,"Withey, Jeff"
201152,Thaddeus,Young,"Young, Thaddeus"
203459,Allen,Crabbe,"Crabbe, Allen"
203921,Cleanthony,Early,"Early, Cleanthony"
201593,Nikola,Pekovic,"Pekovic, Nikola"
1515,Anthony,Parker,"Parker, Anthony"
1730,Brian,Skinner,"Skinner, Brian"
101115,Andrew,Bynum,"Bynum, Andrew"
203105,Festus,Ezeli,"Ezeli, Festus"
202342,Craig,Brackins,"Brackins, Craig"
101120,Antoine,Wright,"Wright, Antoine"
203467,Carrick,Felix,"Felix, Carrick"
200755,JJ,Redick,"Redick, JJ"
203527,Ryan,Kelly,"Kelly, Ryan"
201164,Rudy,Fernandez,"Fernandez, Rudy"
101108,Chris,Paul,"Paul, Chris"
204014,Damjan,Rudez,"Rudez, Damjan"
203482,Kelly,Olynyk,"Olynyk, Kelly"
203474,DJ,Stephens,"Stephens, DJ"
2557,Luke,Ridnour,"Ridnour, Luke"
202351,Lazar,Hayward,"Hayward, Lazar"
202721,Darius,Morris,"Morris, Darius"
203462,Archie,Goodwin,"Goodwin, Archie"
1713,Vince,Carter,"Carter, Vince"
203963,Shayne,Whittington,"Whittington, Shayne"
203090,Maurice,Harkless,"Harkless, Maurice"
203924,Jerami,Grant,"Grant, Jerami"
200756,Hilton,Armstrong,"Armstrong, Hilton"
203471,Dennis,Schroder,"Schroder, Dennis"
2229,Mike,James,"James, Mike"
202385,Ryan,Reid,"Reid, Ryan"
201951,Ty,Lawson,"Lawson, Ty"
686,Antonio,McDyess,"McDyess, Antonio"
202148,Mickell,Gladness,"Gladness, Mickell"
203114,Khris,Middleton,"Middleton, Khris"
101129,Luther,Head,"Head, Luther"
2584,Willie,Green,"Green, Willie"
711,Jerry,Stackhouse,"Stackhouse, Jerry"
200809,Chris,Quinn,"Quinn, Chris"
202081,Garret,Siler,"Siler, Garret"
2574,Jason,Kapono,"Kapono, Jason"
202731,Vernon,Macklin,"Macklin, Vernon"
2549,Chris,Kaman,"Kaman, Chris"
2048,Jamaal,Magloire,"Magloire, Jamaal"
201957,Byron,Mullens,"Mullens, Byron"
201160,Jason,Smith,"Smith, Jason"
201177,Josh,McRoberts,"McRoberts, Josh"
202697,Iman,Shumpert,"Shumpert, Iman"
202390,Gary,Neal,"Neal, Gary"
203521,Matthew,Dellavedova,"Dellavedova, Matthew"
202365,Devin,Ebanks,"Ebanks, Devin"
203076,Anthony,Davis,"Davis, Anthony"
202379,Jeremy,Evans,"Evans, Jeremy"
101110,Martell,Webster,"Webster, Martell"
202723,Malcolm,Lee,"Lee, Malcolm"
203945,Alex,Kirk,"Kirk, Alex"
200782,PJ,Tucker,"Tucker, PJ"
2407,Jared,Jeffries,"Jeffries, Jared"
980,Zydrunas,Ilgauskas,"Ilgauskas, Zydrunas"
1882,Elton,Brand,"Brand, Elton"
203515,Phil,Pressey,"Pressey, Phil"
2742,Sebastian,Telfair,"Telfair, Sebastian"
203915,Spencer,Dinwiddie,"Dinwiddie, Spencer"
2246,Mehmet,Okur,"Okur, Mehmet"
203473,Dewayne,Dedmon,"Dedmon, Dewayne"
2037,Jamal,Crawford,"Crawford, Jamal"
203087,Jeremy,Lamb,"Lamb, Jeremy"
2217,Brendan,Haywood,"Haywood, Brendan"
203552,Seth,Curry,"Curry, Seth"
203123,Kostas,Papanikolaou,"Papanikolaou, Kostas"
201238,Mario,West,"West, Mario"
201150,Spencer,Hawes,"Hawes, Spencer"
2624,Quinton,Ross,"Ross, Quinton"
202690,Jimmer,Fredette,"Fredette, Jimmer"
2230,Maurice,Evans,"Evans, Maurice"
2248,Earl,Watson,"Watson, Earl"
203263,James,Nunnally,"Nunnally, James"
101189,James,Singleton,"Singleton, James"
2209,Vladimir,Radmanovic,"Radmanovic, Vladimir"
202375,Magnum,Rolle,"Rolle, Magnum"
201987,Robert,Vaden,"Vaden, Robert"
202732,DeAndre,Liggins,"Liggins, DeAndre"
2748,Dorell,Wright,"Wright, Dorell"
2730,Dwight,Howard,"Howard, Dwight"
202197,Shane,Edwards,"Edwards, Shane"
202364,Da'Sean,Butler,"Butler, Da'Sean"
202701,Nolan,Smith,"Smith, Nolan"
203946,Cameron,Bairstow,"Bairstow, Cameron"
202620,Arinze,Onuaku,"Onuaku, Arinze"
204037,Travis,Wear,"Wear, Travis"
2590,Mo,Williams,"Williams, Mo"
201565,Derrick,Rose,"Rose, Derrick"
201041,Walker,Russell,"Russell, Walker"
2067,Eddie,House,"House, Eddie"
203564,Kalin,Lucas,"Lucas, Kalin"
201991,Lester,Hudson,"Hudson, Lester"
203546,Ian,Clark,"Clark, Ian"
203317,Tim,Ohlbrecht,"Ohlbrecht, Tim"
202374,Solomon,Alabi,"Alabi, Solomon"
2399,Mike,Dunleavy,"Dunleavy, Mike"
2072,Michael,Redd,"Redd, Michael"
201166,Aaron,Brooks,"Brooks, Aaron"
201587,Nicolas,Batum,"Batum, Nicolas"
203318,Glen,"Rice Jr.","Rice Jr., Glen"
202347,Quincy,Pondexter,"Pondexter, Quincy"
101131,Jason,Maxiell,"Maxiell, Jason"
2202,Jason,Richardson,"Richardson, Jason"
200789,Daniel,Gibson,"Gibson, Daniel"
203501,Tim,"Hardaway Jr.","Hardaway Jr., Tim"
203502,Tony,Mitchell,"Mitchell, Tony"
203183,Tony,Mitchell,"Mitchell, Tony"
201937,Ricky,Rubio,"Rubio, Ricky"
203156,Henry,Sims,"Sims, Henry"
202695,Kawhi,Leonard,"Leonard, Kawhi"
2405,Amar'e,Stoudemire,"Stoudemire, Amar'e"
204065,David,Stockton,"Stockton, David"
201975,Jodie,Meeks,"Meeks, Jodie"
202366,Jerome,Jordan,"Jordan, Jerome"
201590,Donte,Greene,"Greene, Donte"
1737,Nazr,Mohammed,"Mohammed, Nazr"
203949,"James Michael",McAdoo,"McAdoo, James Michael"
201563,Michael,Beasley,"Beasley, Michael"
978,Peja,Stojakovic,"Stojakovic, Peja"
203545,Miroslav,Raduljica,"Raduljica, Miroslav"
201234,Trey,Johnson,"Johnson, Trey"
201157,Sean,Williams,"Williams, Sean"
201933,Blake,Griffin,"Griffin, Blake"
200765,Rajon,Rondo,"Rondo, Rajon"
948,Marcus,Camby,"Camby, Marcus"
201945,Gerald,Henderson,"Henderson, Gerald"
1894,Corey,Maggette,"Maggette, Corey"
2853,Earl,Barron,"Barron, Earl"
201142,Kevin,Durant,"Durant, Kevin"
201942,DeMar,DeRozan,"DeRozan, DeMar"
203496,Robert,Covington,"Covington, Robert"
467,Jason,Kidd,"Kidd, Jason"
